URL, First Contentful Paint, First Interactive
http://www.onthewebit.com/website-design-videos/3-things-your-website-design-is-missing-web-design-in-boynton-beach.html,3.3 s,17.7 s
https://www.onthewebit.com/web-design-feeds/website-design-trends-in-2018.html,3.4 s,10.6 s
https://ritaraapps.tumblr.com/post/177583079404/best-ecommerce-website-design-company-in-noida,2.6 s,15.0 s
http://www.onthewebit.com/website-design-videos/learn-website-design-online-wordpress-web-design-training-course-for-beginners.html,3.4 s,9.4 s
https://99designs.ca/web-design/contests/website-design-breathe-organization-bringing-people-meditation-awakening-861787,2.8 s,12.2 s
https://purplecowagency.com/is-your-content-really-just-advertising/,4.4 s,6.4 s
http://www.onthewebit.com/website-design-videos/freelancer-website-design-and-developer-logo-promotion-designer-ramesh-semalt.html,3.3 s,9.6 s
http://www.onthewebit.com/website-design-videos/website-design-jacksonville-fl-call-904-323-1793.html,3.3 s,9.5 s
http://www.onthewebit.com/website-design-videos/website-design-for-entrepreneurs.html,2.5 s,8.7 s
https://tribus.com/marketing/design/real-estate-website-design-principles-the-80-20-rule/,3.7 s,18.5 s
https://tribus.com/marketing/design/real-estate-website-design-principles-the-80-20-rule/,3.7 s,18.5 s
https://www.gigalagos.com/design-mistakes-that-affect-seo-performance/,6.0 s,24.0 s
https://www.fastsell.co.za/services/website-design-promotion_i97,4.6 s,10.8 s
https://www.clickdo.co.uk/work/quick-wasters-new-website-design-and-development/,9.6 s,23.1 s
https://www.onthewebit.com/website-design-videos/responsive-diagonal-website-design-tutorial-diagonal-background-css-angled-website-design.html,3.4 s,10.7 s
https://www.onthewebit.com/website-design-videos/website-design-company-maidstone-reviews-01622-721-898-best-website-design-company-maidstone.html,3.2 s,10.0 s
https://www.tmcnet.com/usubmit/2018/09/07/8813631.htm,2.8 s,16.3 s
https://www.onthewebit.com/website-design-videos/metamorph-pro-update-8-0-new-website-design-cmc-ranking-upcoming-crypto-event.html,3.5 s,11.0 s
https://www.onthewebit.com/website-design-videos/affordable-website-design-weymouth.html,3.3 s,9.7 s
http://www.onthewebit.com/website-design-imagrs/florists-website-design.html,3.3 s,9.9 s
https://www.4mat.com/blogs/taking-the-stage-at-in-house-live-london-82485165942,5.0 s,11.3 s
http://www.onthewebit.com/website-design-videos/animating-counter-up-effect-for-website-design-complete-counter-up-effect.html,3.3 s,9.7 s
http://www.onthewebit.com/website-design-imagrs/new-website-design-for-xtorrent.html,3.3 s,9.6 s
https://www.onthewebit.com/website-design-videos/website-design-tutorial-how-to-create-a-great-user-experience-the-brand-doctor.html,3.5 s,11.9 s
https://www.pressreleasepost.com/local-sight-website-design-firm-expands-nationwide/,4.0 s,9.6 s
http://www.onthewebit.com/website-design-imagrs/website-design-pune.html,3.3 s,10.4 s
http://www.onthewebit.com/website-design-imagrs/meatcure-website-design.html,3.3 s,9.5 s
http://www.onthewebit.com/website-design-videos/%E0%A6%8F%E0%A6%95%E0%A6%A6%E0%A6%AE-%E0%A6%AB%E0%A7%8D%E0%A6%B0%E0%A7%80-%E0%A6%93%E0%A6%AF%E0%A6%BC%E0%A7%87%E0%A6%AC%E0%A6%B8%E0%A6%BE%E0%A6%87%E0%A6%9F-%E0%A6%B8%E0%A6%BE%E0%A6%9C%E0%A6%BF.html,3.1 s,10.1 s
https://www.evirtualservices.com/ppc_design/small-business-website-design.html,2.5 s,3.0 s
http://www.onthewebit.com/website-design-videos/build-app-features-for-website-design-using-html-css.html,3.2 s,9.2 s
https://www.prnewswire.com/news-releases/top-website-design-company-lounge-lizard-shares-7-common-cro-misbeliefs-everyone-should-be-aware-of-300706386.html,3.6 s,8.7 s
https://www.onthewebit.com/website-design-imagrs/website-design-webinterior.html,2.8 s,10.5 s
https://www.quora.com/Who-provides-express-website-design-and-development-services-in-Kolkata,1.2 s,9.2 s
http://www.onthewebit.com/website-design-imagrs/sakthimart-website-design-4.html,3.4 s,10.2 s
https://www.insercorp.com/news/article/august/28/2018/website-launch:-bellislemarina.com,3.4 s,9.3 s
http://www.onthewebit.com/web-design-feeds/the-importance-of-using-css-for-effective-website-design.html,3.2 s,9.6 s
https://world.einnews.com/article/460753609/dzCpy7d6r8OBkRXE,3.5 s,7.1 s
http://www.onthewebit.com/website-design-videos/how-to-get-more-website-design-clients-wordpress-affiliate-program.html,2.4 s,9.7 s
https://www.onthewebit.com/website-design-videos/website-design-cumming-ga-912255-3797.html,2.8 s,10.7 s
http://www.onthewebit.com/website-design-videos/website-design-little-ferry-nj-small-business-websites-videos.html,3.3 s,9.6 s
https://www.onthewebit.com/website-design-imagrs/website-design-nutrition.html,3.4 s,10.7 s
http://www.onthewebit.com/website-design-videos/international-seo-tips-continuum-software-solutions-website-design-mobile-apps-an-semalt.html,3.1 s,10.1 s
http://www.onthewebit.com/website-design-videos/affordable-website-design-brighton.html,3.3 s,9.7 s
http://pune.namanas.com/s-classifieddetailpage_ai647975_Services__3__Other__54.html,1.8 s,4.8 s
https://www.onthewebit.com/website-design-imagrs/website-design-logo.html,3.4 s,10.1 s
https://www.artonicweb.com/company.php,2.1 s,8.1 s
https://www.slideserve.com/ebsloninfotech/what-are-the-steps-for-website-design-and-development,1.7 s,4.0 s
https://chicagowebsitedesignseocompany.com/uncategorized/the-real-deal-search-engine-optimization-rules/,4.2 s,8.5 s
https://www.4mat.com/blogs/how-to-write-a-clickable-job-title-81854103669,4.8 s,10.7 s
https://www.4mat.com/blogs/creating-a-great-recruitment-marketing-campaign-82571411374,5.1 s,11.8 s
https://www.onthewebit.com/website-design-videos/1-custom-text-revealing-effect-for-website-design-using-html-css.html,2.8 s,10.9 s
https://www.hubspokemarketing.co.uk/what-to-look-for-in-a-business-website/,4.0 s,7.8 s
https://www.onthewebit.com/website-design-imagrs/montreal-website-design.html,3.4 s,10.3 s
https://www.onthewebit.com/website-design-imagrs/gaudi-website-design.html,3.4 s,10.1 s
https://joshmccall.com/web-design/,1.9 s,2.3 s
https://educationechochamberuncut.wordpress.com/2018/10/09/top-school-website-design-trends-for-2019-pano-savvidis/,2.6 s,16.0 s
https://www.onthewebit.com/website-design-videos/website-design-law-practice.html,3.4 s,10.6 s
https://www.onthewebit.com/website-design-videos/website-design-stockton-california-free-websites-844-483-1090.html,3.4 s,10.4 s
http://www.onthewebit.com/website-design-videos/evans-community-school-florida-website-design-1-855-skyhive.html,3.1 s,9.5 s
https://cyberinnovation.com/saucy-focaccia-restaurant-website-design-project/,3.6 s,6.7 s
https://cyberinnovation.com/saucy-focaccia-restaurant-website-design-project/,3.6 s,6.7 s
http://www.onthewebit.com/website-design-videos/adobe-muse-cc-professional-website-design-custom-workspace-episode-4-semalt.html,3.1 s,9.4 s
http://www.onthewebit.com/website-design-videos/website-design-lincon-acres-888-901-8558.html,2.5 s,9.6 s
https://www.onthewebit.com/website-design-videos/website-design-lemon-grove-888-901-8558.html,3.3 s,10.1 s
https://www.onthewebit.com/website-design-videos/website-design-process-with-detail-idea-and-business-development.html,3.3 s,9.8 s
https://www.onthewebit.com/website-design-videos/letter-changing-animation-effect-for-website-design-using-html-5-css-3-animated-headlines.html,3.2 s,10.5 s
https://www.digitalspinner.com/profile.b.507.r.107754.u.1ba899.html,3.1 s,7.5 s
https://www.onthewebit.com/website-design-videos/my-website-design-critique-part-3.html,3.4 s,10.7 s
https://www.onthewebit.com/website-design-videos/make-easy-travels-website-design-html-map-location-beginner-hindi.html,3.4 s,10.8 s
https://www.prnewswire.com/news-releases/new-york-website-design-company-lounge-lizard-discusses-common-local-seo-mistakes-everyone-makes-300723669.html,3.2 s,8.6 s
http://www.onthewebit.com/website-design-videos/website-design-development-services-boxfinity.html,3.3 s,9.8 s
https://delimp.tumblr.com/post/177512448833/delimp-the-best-place-to-grow-to-be-master-in,2.5 s,19.7 s
https://www.onthewebit.com/website-design-imagrs/ergonomic-website-design.html,3.2 s,8.9 s
https://uberant.com/article/438659-opt-for-the-best-e-commerce-website-design-services/,2.6 s,5.0 s
https://www.onthewebit.com/website-design-videos/1-gallery-filter-isotope-tutorial-use-isotope-in-website-design-isotope-gallery.html,3.4 s,11.1 s
https://flyinfosoft.tumblr.com/post/178977139827/fly-infosoft-website-design-software,2.6 s,14.9 s
https://growthhackers.com/articles/how-much-should-a-website-design-cost,1.6 s,10.7 s
https://www.digitalspinner.com/profile.b.507.r.107760.u.30760f.html,3.1 s,7.8 s
https://nettsteddesignoslo.wordpress.com/2018/08/21/website-design-oslo-norway/,3.1 s,12.0 s
https://www.onthewebit.com/website-design-videos/responsive-website-design-semalt.html,2.7 s,10.0 s
http://www.onthewebit.com/general/five-quick-tips-in-website-design-small-businesses-need-to-know-top-design-magazine.html,3.2 s,10.0 s
http://www.onthewebit.com/website-design-videos/single-post-design-layout-for-website-design-using-html-5.html,3.3 s,9.9 s
http://www.onthewebit.com/website-design-imagrs/mobile-website-design-2.html,3.3 s,9.7 s
https://qrius.com/website-design-mistakes-to-avoid-to-improve-engagement/,1.7 s,6.8 s
http://b2k.net/SEO/new-electrical-contractors-seo-services-annou_2290013N49t_Sep2018.html,2.3 s,5.8 s
https://www.onthewebit.com/website-design-videos/jasper-keyplay-promo-website-design-web-development-software-development-mobile-application.html,3.4 s,10.0 s
https://www.redbubble.com/people/f8media/works/33859300-website-design-sunshine-coast,2.6 s,17.3 s
https://www.onthewebit.com/website-design-videos/website-design-la-mesa-888-901-8558.html,3.4 s,10.6 s
https://www.onthewebit.com/website-design-videos/website-design-san-ysidro-888-901-8558.html,3.4 s,10.1 s
http://www.onthewebit.com/website-design-videos/cheap-web-design-cheap-website-design-uk-affordable-website-design-uk-web-design-service.html,3.3 s,8.3 s
https://www.simplifytheinternet.com/our-services/site/custom-web-development-and-design/,5.1 s,21.9 s
http://www.onthewebit.com/website-design-imagrs/jewelers-website-design.html,3.3 s,9.6 s
https://www.linkedin.com/pulse/my-top-suggestions-great-e-commerce-website-design-segun-victor-aina,1.6 s,2.9 s
http://menifeevalleychamber.chambermaster.com/list/member/avatar-website-design-7551,4.2 s,16.4 s
https://www.onthewebit.com/website-design-videos/mobile-website-design-solution-for-realtors-without-mobile-sites-in-louisville-semalt.html,3.5 s,10.4 s
https://www.thewebsquad.com/seo-is-dead-alive-is-digital-marketing/,2.4 s,3.3 s
http://www.classifiedscalgary.ca/ads/calgary-best-website-design-company-se-software-technologies-ad-703539/,2.4 s,5.4 s
http://www.onthewebit.com/website-design-videos/tek-traffic-website-design-experts-las-vegas-nv-702-664-1215-semalt.html,3.3 s,9.8 s
http://rplg.co/89d34730,3.3 s,9.8 s
https://futureworktechnologies.com/%D9%87%D9%84-%D8%AA%D8%B1%D9%8A%D8%AF-%D8%AA%D8%B7%D9%88%D9%8A%D8%B1-%D8%AA%D8%B7%D8%A8%D9%8A%D9%82-%D9%85%D8%AB%D9%84-%D8%A3%D9%88%D8%A8%D8%B1%D8%9F-%D8%A7%D8%B9%D8%B1%D9%81-%D8%A7%D9%84%D8%AA%D9%83/,4.0 s,15.8 s
http://www.onthewebit.com/website-design-imagrs/eduquest-website-design.html,3.3 s,9.9 s
https://www.onthewebit.com/website-design-imagrs/codeaweld-website-design.html,2.9 s,10.5 s
https://www.onthewebit.com/website-design-videos/best-website-designer-fort-lauderdale-web-design-website-design-fort-lauderdale.html,3.4 s,10.3 s
https://www.onthewebit.com/website-design-videos/website-design-hilton-head-ga-912255-3797.html,3.5 s,11.0 s
https://www.onthewebit.com/website-design-videos/website-design-for-small-business.html,3.4 s,10.6 s
http://www.onthewebit.com/website-design-videos/cheap-web-design-cheap-website-design-uk-affordable-website-design-uk-affordable-web-design.html,3.3 s,8.1 s
https://www.tutorialchip.com/design/5-website-design-trends-for-better-conversions-in-2018-and-beyond/,2.5 s,6.2 s
https://www.onthewebit.com/website-design-imagrs/austin-website-design-in-texas.html,3.4 s,10.5 s
https://virtualobjecttidalwave.tumblr.com/post/179012782554/affordable-website-design-in-the-uk-website,2.5 s,19.5 s
https://sites.google.com/site/abouttechnologyarticle/professional-website-design-vs-diy-website-design-which-should-you-choose,2.0 s,8.1 s
https://www.onthewebit.com/website-design-videos/affordable-website-design-southampton.html,3.4 s,10.6 s
http://www.onthewebit.com/website-design-videos/e-commerce-fitness-website-design-testimonial-from-eric-shih-fitness.html,3.3 s,9.6 s
http://www.onthewebit.com/general/flat-website-design-a-step-towards-2014.html,2.5 s,9.6 s
https://www.slideshare.net/mobile/Itabix/website-design-and-development-checklist,2.2 s,5.3 s
https://www.wsiprovenresults.com/our-services/web-design/,3.6 s,18.2 s
http://www.onthewebit.com/website-design-videos/3-things-your-website-design-is-missing-web-design-in-boynton-beach-semalt.html,3.3 s,9.3 s
https://purplecowagency.com/brand-storytelling-102-finding-your-characters/,4.6 s,6.3 s
https://purplecowagency.com/how-to-use-social-media-to-promote-brand-engagement/,4.6 s,6.0 s
https://pavotech.tumblr.com/post/178672425593/affordable-website-design-to-boost-your-online,2.7 s,11.6 s
http://www.onthewebit.com/website-design-videos/dynamic-website-design-price-just-rs-3999-crea8tify-web-design-services.html,3.3 s,10.2 s
https://iseomedia.com/what-to-include-in-your-hotel-website-design/,3.3 s,14.9 s
https://www.starwebmaker.com/responsive-portfolio.html,3.6 s,63.6 s
https://purplecowagency.com/online-marketing-in-2016-what-not-to-do/,3.9 s,6.3 s
https://www.thankscreation9.com/website-design/,3.8 s,11.2 s
https://purplecowagency.com/measure-roi-even-isnt-obvious/,4.4 s,6.3 s
https://kodeakteam.com/5-reasons-business-not-need-mobile-app/,3.3 s,14.3 s
https://purplecowagency.com/facebook-vs-twitter-which-can-help-your-business-grow/,3.9 s,6.3 s
https://stuffandnonsense.co.uk/services/website-design,0.9 s,4.3 s
https://www.slideshare.net/mobile/hamiltonseo/5-tips-for-seo-oriented-website-design-amp-development-106570039,2.2 s,5.4 s
https://www.slideshare.net/mobile/nswwebsitedesign/parallax-website-design-byron-bay-port-macquaries-portfolio-by-nsw-website-design,2.2 s,5.6 s
https://purplecowagency.com/5-marketing-strategies-that-will-make-your-customers-love-you/,4.4 s,6.6 s
https://purplecowagency.com/mission-critical-data-recovery-what-you-need-to-know-and-do/,4.0 s,6.2 s
https://purplecowagency.com/crowdfunding-essentials-you-need-to-know/,4.4 s,6.3 s
http://www.salespider.com/c-41901053/website-design-company-boston-massachusetts,2.2 s,6.2 s
https://www.scorpion.co/how-we-help/website-design/,2.7 s,27.2 s
https://mobi.hotelnewsresource.com/,2.7 s,9.1 s
http://carrabelle.org/chamber-members/website-design-hosting/2k-web-group/334/,2.6 s,3.9 s
https://dlinkers.com/bacolod-web-design/,6.6 s,41.2 s
https://dlinkers.com/antique-web-design/,6.0 s,39.9 s
https://www.swordfox.nz/projects/triple-star,2.7 s,7.2 s
https://www.sitepoint.com/community/t/new-annoying-website-design-trend/308391,10.1 s,23.3 s
https://www.appypie.com/blog/ways-gdpr-would-enhance-website-design-and-development,3.5 s,13.7 s
https://www.viziononline.co.uk/comes-top-custom-mobile-apps-versus-responsive-website-design/,4.0 s,6.1 s
https://purplecowagency.com/things-to-avoid-in-mobile-commerce-during-the-holiday-season/,4.6 s,6.3 s
https://purplecowagency.com/14-tips-social-media-can-drive-traffic-website/,4.4 s,6.3 s
https://www.bizsmartweb.com/easy-pay/,3.8 s,7.9 s
https://www.emedevents.com/blogs/medblogpage/medical-website-design-tips,5.4 s,25.2 s
https://www.streetdirectory.com/travel_guide/editorials/other/best%20website%20design/15/,1.4 s,6.5 s
https://purplecowagency.com/content-marketing-how-to-push-the-envelope/,3.8 s,6.2 s
https://purplecowagency.com/when-native-advertising-isnt-worth-it/,4.4 s,6.3 s
https://purplecowagency.com/when-native-advertising-isnt-worth-it/,4.4 s,6.3 s
https://dynam.co.uk/blog/marketing-branding-and-website-design-at-highland-business-week-2018,1.0 s,16.6 s
https://www.powershow.com/view0/8a91fa-NTkzZ/7_Features_Every_Small_Business_Website_Design_Must_Have_powerpoint_ppt_presentation,2.4 s,4.1 s
https://www.midwestmarketingllc.com/services/website-design-and-development/,5.5 s,12.6 s
https://www.powershow.com/view0/8045e2-YWFkZ/Best_website_design_and_development_at_affordable_price_in_Mysore_powerpoint_ppt_presentation,2.6 s,5.3 s
https://purplecowagency.com/5-productivity-tips-that-take-almost-no-time-to-start/,4.4 s,6.4 s
https://purplecowagency.com/5-things-customers-consider-when-buying-online/,4.4 s,6.2 s
https://purplecowagency.com/5-must-read-tips-for-better-landing-pages/,4.4 s,6.3 s
https://lp.breezyhillmarketing.com/responsive-website-design,2.7 s,10.3 s
https://purplecowagency.com/the-power-of-qas/,4.4 s,6.3 s
https://www.powershow.com/view0/7a1151-YjU5N/Website_Design_Services_India_powerpoint_ppt_presentation,2.3 s,4.8 s
https://dlinkers.com/davao-web-design/,6.7 s,34.9 s
https://www.seoclerk.com/faq/1653/Can-the-website-design-affect-our-Google-rankings,2.5 s,12.2 s
https://www.advansys.com/website-design-tottenham,2.9 s,11.2 s
https://www.ihealthspot.com/CustomMedicalWebDesign/CosmeticSurgeryWebsiteDesign,10.0 s,29.0 s
https://www.streetdirectory.com/travel_guide/editorials/other/best%20website%20design/7/,1.4 s,6.6 s
https://purplecowagency.com/4-ways-to-improve-your-blogs-presence/,4.4 s,6.3 s
https://purplecowagency.com/how-guest-blogs-can-help-your-website/,4.0 s,6.3 s
https://creately.com/diagram/example/jkcjt77s/Website%20Design%20Structure%20Template,5.5 s,11.8 s
https://enventyspartners.com/ecommerce-marketing/website-design/,5.4 s,16.4 s
https://www.powershow.com/view0/89d402-NmVlN/Things_to_Consider_While_Renovating_Website_Design_powerpoint_ppt_presentation,2.3 s,5.2 s
https://www.powershow.com/view0/82ab7d-OTMxO/Affordable_Website_Design_in_Dallas_1_powerpoint_ppt_presentation,2.2 s,5.2 s
https://www.paintingpixels.co.uk/services/website-design/pp-e-commerce-website-design/,3.5 s,6.4 s
https://apm.activecommunities.com/yardschool/activity_search/introduction-to-website-design-sat-oct-13/2245,4.3 s,6.4 s
https://www.yoursay.randwick.nsw.gov.au/WebsiteWorkshopEOI,2.3 s,7.3 s
https://purplecowagency.com/google-hummingbird-is-your-site-sweet-enough/,4.2 s,6.3 s
https://v1technologies.co.uk/portfolio-web-designer-app-developer.php,8.0 s,16.8 s
https://www.dynamicwebtraining.com.au/css-training/advanced-web-design,1.3 s,4.6 s
https://purplecowagency.com/5-social-networks-that-business-promoters-cant-afford-to-ignore/,4.6 s,6.4 s
https://purplecowagency.com/one-thing-to-never-sacrifice/,4.4 s,6.3 s
https://creativepool.com/scottalexander/projects/re-branding-stationery-design-website-design-and-build-pull-up-banners-brochures-for-mcp-management-consultant-ltd,3.5 s,8.4 s
https://purplecowagency.com/traditional-marketing-vs-contemporary-marketing/,4.4 s,6.4 s
https://www.zoomadesign.com/loveland-graphic-design,3.0 s,24.9 s
https://www.selfgrowth.com/articles/significance-of-website-design-and-development-for-a-company,4.4 s,11.6 s
https://purplecowagency.com/tips-building-content-hub-protect-content-strategy/,4.6 s,6.3 s
https://purplecowagency.com/growth-hacking-4-mistakes-to-avoid/,4.4 s,6.3 s
https://www.insercorp.com/portfolio/projects/245/bellislemarina.com,3.3 s,8.9 s
https://www.awwwards.com/sites/travel-agency-website-design,1.7 s,6.9 s
http://www.powershow.com/view0/55a65d-YWZkZ/Responsive_Website_design_powerpoint_ppt_presentation,2.3 s,14.5 s
https://www.readyartwork.com/portfolio/website-design-portfolio/intercon-security-website-design/,2.9 s,22.1 s
https://www.beuniquegroup.com/website-design-development/,6.4 s,16.0 s
https://www.powershow.com/view0/898e55-ODk2Y/Best_Website_Design_Development_Company_in_Udaipur_powerpoint_ppt_presentation,2.3 s,4.8 s
https://www.powershow.com/view0/898e55-ODk2Y/Best_Website_Design_Development_Company_in_Udaipur_powerpoint_ppt_presentation,2.3 s,4.8 s
https://www.streetdirectory.com/travel_guide/editorials/other/website%20design%20service/,1.4 s,6.6 s
https://splendordesign.com/clients-overview/,2.7 s,5.0 s
https://www.tmcnet.com/usubmit/2018/08/17/8803782.htm,2.7 s,15.1 s
https://www.crowdspring.com/website-design/new-homepage-for-travel-website-needs-to-go-from-boring-to-modern-and-inspiring-2902057/,4.3 s,23.7 s
https://purplecowagency.com/3-reasons-social-media-management-should-be-outsourced/,4.4 s,6.3 s
https://purplecowagency.com/identifying-a-content-voice-for-your-brand/,4.4 s,6.4 s
https://www.zoomadesign.com/road-dog-calendar-2019,4.6 s,27.3 s
https://vordik.com/why-care-about-responsive-design/,1.5 s,4.0 s
https://purplecowagency.com/what-is-negative-seo-and-how-can-you-safeguard-your-business-from-it/,4.3 s,6.2 s
https://www.powershow.com/view0/84e6f6-ZjY3M/Why_Should_Real_estate_agents_have_a_Website_Real_Estate_Website_Design_USA_powerpoint_ppt_presentation,2.6 s,7.3 s
https://www.powershow.com/view0/886a38-N2MxY/Website_Design_company_in_Chennai_powerpoint_ppt_presentation,2.3 s,5.2 s
https://purplecowagency.com/do-customers-buy-products-or-brands/,4.4 s,6.3 s
https://fechtor.com/news/fechtor-creates-new-work-for-columbus-jewish-day-school/,1.7 s,5.7 s
https://www.streetdirectory.com/travel_guide/editorials/other/website%20design/8/,1.4 s,6.6 s
https://www.boye-co.com/blog/2018/9/21/user-experience-moving-from-website-design-to-strategy,5.5 s,24.0 s
https://purplecowagency.com/how-to-create-amazing-lead-magnets-to-grow-your-business/,4.4 s,6.3 s
https://purplecowagency.com/how-your-sites-graphics-can-get-you-your-hearts-desire/,4.4 s,6.3 s
https://www.seoclerk.com/wordpress-programming/249155/Website-Design-Package-Unlimited-pages,2.5 s,22.8 s
https://www.slideshare.net/mobile/Itabix/strategic-website-designs-vs-standard-website-design-services,2.2 s,5.2 s
https://www.ezeeabsolute.com/hotel-website-design.php,3.9 s,14.0 s
https://1-grid.com/design-series-1-top-design-tips-for-your-first-website/,2.8 s,10.3 s
https://www.digitalpaint.co.uk/co-op-travel,1.8 s,8.7 s
https://v1technologies.co.uk/portfolio-web-designer-app-developer.php,7.9 s,16.9 s
https://purplecowagency.com/is-business-inherently-social/,4.6 s,6.1 s
https://purplecowagency.com/benefits-of-testimonials/,4.4 s,6.3 s
https://purplecowagency.com/guessing-games-predicting-customer-behavior/,4.4 s,6.2 s
https://purplecowagency.com/the-best-ways-to-turn-angry-customers-around/,4.3 s,6.1 s
https://www.streetdirectory.com/travel_guide/editorials/other/website%20design%20how/,1.4 s,6.3 s
https://purplecowagency.com/5-steps-to-building-an-awesome-content-strategy/,4.5 s,6.4 s
https://purplecowagency.com/important-blog-website/,4.4 s,6.3 s
https://www.powershow.com/view0/7fa36e-NjIzZ/Website_Design_powerpoint_ppt_presentation,2.6 s,7.6 s
https://dlinkers.com/boracay-web-design/,6.8 s,40.9 s
https://purplecowagency.com/how-to-create-habits-to-improve-your-life-and-business-part-1/,4.6 s,6.4 s
https://www.selfgrowth.com/articles/best-practices-for-minimalist-website-design,4.2 s,11.1 s
https://www.newearthmarketing.com/3-top-tips-for-creating-a-successful-online-program-interview-with-petra-mayer/,11.1 s,23.1 s
https://www.stantonstreet.com/blog/black-klansman-ron-stallworth-website-design-development/,2.8 s,10.0 s
http://blog.webcreationnepal.com/search/label/cheap%20website%20design%20company%20in%20nepal,1.6 s,2.3 s
https://www.insercorp.com/portfolio/client/178/bell-isle-marina,4.1 s,9.0 s
https://dlinkers.com/wordpress-web-design/,6.6 s,35.4 s
https://blog.flightmedia.co/growth-driven-website-design,3.2 s,17.4 s
https://gospacecraft.com/about-us/developers,3.0 s,13.0 s
https://www.readyartwork.com/zh/portfolio/website-design-portfolio/intercon-security-website-design/,3.4 s,21.7 s
https://www.powershow.com/view0/6c8402-ZWRiZ/CMS_Website_Design_powerpoint_ppt_presentation,2.3 s,4.8 s
http://www.webaward.org/winner/34281/clarity-partners-llc-wins-2018-webaward-for-northbrook-park-district-website-design--development.html,1.1 s,5.7 s
https://dlinkers.com/manila-web-design/,6.8 s,37.6 s
https://upcity.com/local-marketing-agencies/profiles/mastrotek-website-design-computer-services,7.4 s,16.6 s
https://dribbble.com/shots/5098221-Enterprise-Website-Design-Triad,3.1 s,9.3 s
https://zeekeeinteractive.com/digital-marketing-strategy.php,2.3 s,10.0 s
https://www.powershow.com/search/presentations/ppt/website_design_company_qatar,2.3 s,4.9 s
https://rcdesign.com/portfolio/stc-website-design-development/,5.4 s,17.0 s
https://purplecowagency.com/the-4ps-of-online-marketing/,4.4 s,6.2 s
https://www.komolmis.com/website-design/,9.6 s,15.2 s
https://creativepool.com/scottalexander/projects/logo-re-design-website-catalogue-for-barker-shoes,3.7 s,7.8 s
https://www.constructdigital.com/services/development-and-build/e-commerce-development-design-singapore,2.7 s,15.5 s
https://tingalls.com/non-profit-graphic-design.php,2.5 s,5.6 s
https://purplecowagency.com/google-vs-yahoo-comparing-the-top-two-search-engines/,4.4 s,6.2 s
https://purplecowagency.com/is-seo-taking-a-backseat-to-social-media/,4.4 s,6.3 s
https://purplecowagency.com/2-questions-all-content-should-answer/,4.6 s,6.3 s
https://sgd.com.au/blog/finding-an-affordable-website-design-company/,3.0 s,3.7 s
https://mailchi.mp/ff284e6f9379/custom-website-design-training-for-you,1.6 s,2.4 s
https://mailchi.mp/fraleysolutions/a-nice-website-design-isnt-enough,1.6 s,3.0 s
https://mailchi.mp/5fa194589c57/graphic-novels-for-your-summer-trips-a-class-ambient-vinyl-more-2170621,1.6 s,3.7 s
https://www.motocms.com/website-templates/motocms-html-template/59303.html,1.3 s,12.3 s
https://www.powershow.com/search/presentations/ppt/cms_website_design,2.3 s,4.9 s
https://www.powershow.com/search/presentations/ppt/wordpress_website_design,2.3 s,4.9 s
https://www.powershow.com/view0/8a72cd-YmNmY/Top_5_Amazing_Sources_of_Website_Design_Inspiration_powerpoint_ppt_presentation,2.3 s,5.2 s
https://cdn.bloominari.com/blog/website-design-lead-generation-perfect-landing-page-drives-organic-traffic,1.2 s,21.2 s
https://matomo.org/faq/how-to/faq_25918/,2.4 s,3.4 s
https://purplecowagency.com/how-to-promote-customer-engagement-through-social-media/,4.2 s,7.2 s
https://purplecowagency.com/5-seo-mistakes-to-avoid/,3.9 s,7.1 s
https://purplecowagency.com/five-things-to-remember-about-hashtags/,4.6 s,7.3 s
https://purplecowagency.com/how-can-startups-use-social-media-to-win/,4.4 s,7.3 s
https://www.mannixmarketing.com/website-design/american-heating-company/,2.4 s,8.7 s
http://duess.ca/services/,2.8 s,5.3 s
https://www.powershow.com/users/Website%20Design%20Compa,2.1 s,3.6 s
https://www.powershow.com/users/Website%20Design%20Compa,2.1 s,3.6 s
https://v1technologies.co.uk/portfolio-web-designer-app-developer.php,7.9 s,17.0 s
https://www.loungelizard.com/news/cooperative-elevator-website-design-wins-gold-at-the-2018-w3-awards/,3.0 s,15.8 s
https://purplecowagency.com/owned-paid-earned/,4.5 s,7.4 s
https://www.designcontest.com/forum/tags/forums/website+design/,3.0 s,7.5 s
https://www.crowdspring.com/website-design/bigshopper-price-comparison-website-design-2903047/,4.3 s,25.3 s
https://www.readyartwork.com/portfolio/website-design-portfolio/heartland/,3.3 s,28.0 s
https://purplecowagency.com/what-is-conversion-rate-optimization/,4.4 s,7.6 s
https://purplecowagency.com/how-inbound-marketing-beats-the-whipped-cream-on-your-latte/,4.4 s,7.3 s
https://purplecowagency.com/is-less-more-it-may-be/,4.4 s,7.4 s
https://www.prism-me.com/portfolio/jawaher-al-sharq/website-design-jawaher-al-sharq/,2.5 s,8.6 s
https://tagteam.agency/work/website-design-and-development,4.6 s,13.2 s
https://technians.com/blog/single-page-website-design-tricks-and-tips-for-a-perfect-ux/,3.8 s,10.8 s
https://www.topnotchdezigns.com/recent/best-auto-accessories/,4.6 s,20.1 s
http://www.salespider.com/canada/b-386644623/rob-kish-website-design,1.5 s,7.8 s
https://www.tbhcreative.com/privacy/,2.9 s,4.9 s
https://purplecowagency.com/4-questions-to-ask-your-seo-provider/,4.2 s,7.3 s
https://purplecowagency.com/when-roi-isnt-your-best-measurable/,4.4 s,7.3 s
https://purplecowagency.com/9-misconceptions-about-disaster-proofing-your-data/,4.3 s,7.3 s
https://purplecowagency.com/4-common-problems-for-businesses-on-social-media-and-how-to-fix-them/,4.4 s,7.3 s
https://www.nav.com/marketplace/business-services/professional-website-design-by-logoworks/,4.4 s,24.7 s
http://bfm.prod.acquia-sites.com/services/website-design,3.1 s,6.9 s
https://www.streetdirectory.com/travel_guide/editorials/other/best%20website%20design/,1.4 s,6.6 s
https://www.streetdirectory.com/travel_guide/editorials/other/website%20design%20service/8/,1.4 s,6.5 s
https://purplecowagency.com/4-keys-to-good-content/,4.4 s,7.1 s
https://purplecowagency.com/formatting-a-blog-tips-and-tricks/,4.4 s,7.3 s
https://purplecowagency.com/html-vs-plain-text-email-which-is-better/,4.5 s,7.3 s
https://purplecowagency.com/3-proven-ways-to-connect-with-influencers/,4.4 s,7.3 s
https://gsquaredstudios.com/project/blue-tropic-pool-service-website-in-port-orange-florida/,5.1 s,14.2 s
https://purplecowagency.com/much-social-media-automation-much/,4.4 s,7.5 s
https://purplecowagency.com/hackers-want-your-data-stop-them-in-their-tracks/,4.4 s,7.1 s
https://blog.wurkhouse.com/topic/website-design,3.3 s,13.1 s
https://www.marketingagencyseattle.com/professional-restaurant-website-design-in-mukilteo/,1.8 s,16.4 s
https://www.seattlewebdesign.com/blog/seattle-web-design-online-marketing-blog/post/irg-gets-back-in-the-digital-marketing-game-with-new-website-design,2.1 s,10.5 s
https://www.powershow.com/view0/82ab7c-MTQyN/Affordable_Website_Design_in_Dallas_powerpoint_ppt_presentation,2.4 s,5.2 s
https://www.powershow.com/view0/7c88c4-ZDZmY/Joomla_Website_Design_powerpoint_ppt_presentation,2.2 s,4.8 s
https://purplecowagency.com/tips-to-guarantee-executive-buy-in-for-b2b-content-marketing/,4.5 s,7.3 s
https://purplecowagency.com/how-to-implement-micro-moments-into-your-video-strategy/,4.3 s,7.2 s
https://creativepool.com/jacquiwilkins/projects/logo-re-design-website-catalogue-for-barker-shoes,4.4 s,7.7 s
https://www.streetdirectory.com/travel_guide/editorials/other/best%20website%20design/8/,1.4 s,6.4 s
https://www.streetdirectory.com/travel_guide/editorials/other/website%20design%20uk/,1.4 s,6.5 s
https://purplecowagency.com/purple-cow-tipping-2/,4.4 s,7.3 s
https://www.getmoxxy.com/moxxy-marketing-news/2018/new-image-for-70-year-old-brand/,3.6 s,6.6 s
https://www.bopdesign.com/services/b2b-web-design/faq/,2.1 s,13.6 s
https://www.powershow.com/view0/871aca-MTNjN/Website_design_Web_design_company_Best_website_design_powerpoint_ppt_presentation,2.2 s,4.8 s
https://purplecowagency.com/it-takes-two-marketing-as-a-dialogue/,4.4 s,7.3 s
https://purplecowagency.com/why-is-it-important-to-rank-well-on-google/,4.3 s,7.2 s
https://kiwiwebsitedesign.nz/3-reasons-why-wordpress-is-such-a-popular-platform-for-building-websites/,4.2 s,13.0 s
https://www.jaguarpc.com/web-design/,2.6 s,26.8 s
https://purplecowagency.com/how-your-business-can-finish-goals-in-2016/,4.4 s,7.5 s
https://purplecowagency.com/how-to-fight-lex-luthor-using-these-outsourcing-trends/,4.4 s,8.4 s
http://pages.rediff.com/responsive-website-design-company-india/2015691,0.7 s,0.7 s
https://purplecowagency.com/what-experts-are-saying-about-growth-hacking/,4.4 s,7.4 s
https://www.rezdy.com/blog/best-practices-for-tours-and-activities-privacy-by-website-design/,1.9 s,13.2 s
https://www.thetechnobird.com.au/privacy-policy,3.0 s,26.8 s
https://www.fatbit.com/fab/tag/homepage-design/amp/,1.0 s,3.3 s
http://carrabelle.org/chamber-members/website-design-hosting/rio-carrabelle-gallery-david-c-stahler/1130/,2.6 s,4.0 s
https://purplecowagency.com/10-social-media-marketing-mishaps-you-may-not-realize-youre-making/,4.4 s,7.3 s
https://dlinkers.com/roxas-web-design/,6.9 s,41.9 s
https://empathysites.com/how-it-works/,7.4 s,10.2 s
http://www.bwd.co.za/blog/bwd-website-design-portfolio/,9.7 s,13.6 s
https://purplecowagency.com/importance-creating-value-content/,4.5 s,7.3 s
https://www.marketingprofs.com/ea/qst_question.asp,3.4 s,12.1 s
https://hatfieldmedia.com/university-of-louisville-hockey-club-website-design/,2.8 s,6.4 s
https://lp.breezyhillmarketing.com/wordpress-website-design,2.5 s,10.3 s
https://purplecowagency.com/7-tips-for-online-video-marketing/,4.6 s,7.3 s
https://purplecowagency.com/measuring-meaningful-social-media-engagement/,4.4 s,7.2 s
https://purplecowagency.com/why-cyod-is-hotter-than-byod/,4.4 s,7.2 s
https://www.motocms.com/website-templates/motocms-ecommerce-template/71468.html,1.2 s,12.4 s
https://webflow.com/solutions/business-websites,2.7 s,7.5 s
https://www.coffeycomm.com/blog/posts/hospital-website-design-5-best-practices-for-effective-navigation/,3.7 s,16.7 s
https://www.92west.com/design-with-impact/article/modern-website-design-elements-and-trends,3.5 s,12.9 s
https://creativepool.com/jacquiwilkins/projects/re-branding-stationery-design-website-design-and-build-pull-up-banners-brochures-for-mcp-management-consultant-ltd,3.5 s,8.5 s
https://www.fatbit.com/fab/tag/targeting-right-audience/amp/,1.0 s,3.4 s
https://mailchi.mp/mit.edu.au/invitation-to-attend-website-design-presentation-and-product-innovation-display,1.6 s,3.1 s
https://purplecowagency.com/how-to-write-an-effective-pr/,4.4 s,7.1 s
https://heitzdigital.com/2018/09/24/website-design-strategies-you-can-use-for-your-business/,3.0 s,5.1 s
https://2060digital.com/blog/how-a-great-website-design-helps-your-bottom-line/,4.4 s,15.2 s
https://purplecowagency.com/increasing-social-media-engagement/,4.4 s,7.3 s
https://www.circlesstudio.com/projects/charter/,3.7 s,6.8 s
https://purplecowagency.com/how-to-find-your-products-remarkability/,4.4 s,7.2 s
https://purplecowagency.com/creating-a-relevant-business-blog/,4.6 s,7.3 s
https://www.click.in/bangalore/best-website-design-and-to-generate-leads-to-the-website-c73-v29311760,2.7 s,13.3 s
https://www.powershow.com/view0/886a75-ZDA0Z/Website_Design_company_in_Chennai_1_powerpoint_ppt_presentation,2.3 s,5.2 s
https://purplecowagency.com/9-wrong-ways-to-use-social-media/,4.3 s,7.1 s
https://www.streetdirectory.com/travel_guide/editorials/other/website%20design/,1.4 s,6.3 s
https://purplecowagency.com/is-instagram-only-to-promote-celebrities/,4.4 s,7.5 s
https://purplecowagency.com/can-your-content-influence-buyer-behavior/,4.4 s,7.3 s
https://www.webfx.com/websitedesign.htm,3.0 s,6.7 s
https://www.mlivemediagroup.com/visual-patterns-influence-website-design/,5.6 s,11.1 s
http://carrabelle.org/chamber-members/website-design-hosting/,2.8 s,4.2 s
http://carrabelle.org/chamber-members/website-design-hosting/,2.8 s,4.2 s
https://www.mightycitizen.com/audiences/education,2.2 s,10.3 s
https://www.carvillcreative.co.uk/website-briefing-form/,5.8 s,8.5 s
https://purplecowagency.com/how-to-use-your-competitor-to-get-a-jump-in-business/,4.4 s,8.2 s
https://purplecowagency.com/finding-wooing-influencers/,4.4 s,7.2 s
https://creativepool.com/emmanutbeem/projects/logo-re-design-website-catalogue-for-barker-shoes,3.5 s,7.7 s
https://creativepool.com/visualidentity/projects/logo-re-design-website-catalogue-for-barker-shoes,3.5 s,7.7 s
https://purplecowagency.com/7-tricks-make-web-design-seo-friendly/,3.9 s,7.1 s
https://purplecowagency.com/ad-interrupted-moving-away-from-interruption/,4.4 s,8.0 s
https://purplecowagency.com/its-not-about-you-benefit-focused-advertising/,4.5 s,7.3 s
https://purplecowagency.com/how-to-optimize-facebook-ads/,4.4 s,7.2 s
https://purplecowagency.com/should-your-business-be-on-instagram/,4.5 s,7.1 s
https://www.streetdirectory.com/travel_guide/editorials/other/new%20website%20design/8/,1.4 s,6.7 s
https://www.streetdirectory.com/travel_guide/editorials/other/website%20design%20service/7/,1.4 s,6.6 s
https://purplecowagency.com/how-to-customize-google-page-for-business/,4.4 s,7.3 s
https://purplecowagency.com/tips-fix-failing-content/,4.4 s,7.3 s
https://mailchi.mp/patientadvocate/paf-launches-new-website-design,1.6 s,2.5 s
https://www.charactercreates.co.uk/our-website-design-process/,3.8 s,11.7 s
https://www.csimedia.net/automotive-website-design,1.7 s,7.3 s
https://modernoutdoormedia.com/website-design/,4.2 s,8.9 s
https://www.slideshare.net/mobile/bannarockss/check-same-tips-before-hire-best-website-design-company-in-udaipur-87164203,2.2 s,5.4 s
https://purplecowagency.com/why-local-seo-search-engine-optimization-is-beneficial/,4.3 s,7.1 s
https://dlinkers.com/magento-web-design/,6.8 s,25.8 s
https://www.cmdsonline.com/blog/the-looking-glass/website-design-affects-conversion-rates/,3.0 s,11.3 s
https://purplecowagency.com/moo-dont-be-scared-this-halloween/,4.4 s,7.4 s
http://www.powershow.com/view0/88864d-NWEzZ/Best_Website_design_Company_In_Delhi_1_powerpoint_ppt_presentation,2.3 s,4.7 s
https://www.selfgrowth.com/articles/the-significance-of-corporate-website-design-why-you-need-one,4.2 s,10.4 s
https://purplecowagency.com/spreading-like-a-disease-what-to-know-about-viral-marketing/,4.2 s,7.3 s
https://cassandrabryan.com/cbd-project/jonathan-mcconnell/,3.3 s,8.2 s
https://purplecowagency.com/kill-the-competition-5-awesome-marketing-techniques-to-employ-today/,4.4 s,7.5 s
https://purplecowagency.com/the-importance-of-local-keywords/,4.4 s,7.4 s
https://www.readyartwork.com/website-design/magento-ecommerce-website-design/,3.3 s,24.9 s
https://www.streetdirectory.com/travel_guide/editorials/other/website%20design%20service/15/,1.4 s,6.5 s
https://www.protocol80.com/manufacturing-websites,2.5 s,9.5 s
https://purplecowagency.com/the-1-skill-that-will-guarantee-great-content/,4.4 s,7.3 s
https://purplecowagency.com/guiding-readers-through-your-content/,4.2 s,7.2 s
https://purplecowagency.com/content-marketing-hack-story-of-a-man-who-used-a-parking-ticket-to-get-40000-customers/,4.4 s,7.3 s
https://purplecowagency.com/content-marketing-hack-story-of-a-man-who-used-a-parking-ticket-to-get-40000-customers/,4.4 s,7.3 s
https://titanwebmarketingsolutions.com/website-design/,7.6 s,20.2 s
https://www.designcontest.com/forum/adobe-illustrator/61743-how-can-i-improve-quality-stockphotos-website-design.html,3.2 s,8.4 s
https://www.designcontest.com/forum/adobe-illustrator/61743-how-can-i-improve-quality-stockphotos-website-design.html,3.2 s,8.4 s
https://purplecowagency.com/what-heartbleed-reminds-us-about-crisis-response/,4.3 s,7.2 s
https://purplecowagency.com/what-sports-advertising-teaches-us-about-affinity-and-demographics/,4.6 s,7.4 s
https://www.bluefountainmedia.com/services/website-design,3.3 s,7.3 s
https://smejoinup.com/service/web-mobile-services/new-website-design-development-services/,3.0 s,5.2 s
https://smejoinup.com/service/web-mobile-services/new-website-design-development-services/,3.0 s,5.2 s
https://www.prism-me.com/portfolio/fakhruddin-properties/website-design-fakhruddin-properties/,2.5 s,5.2 s
http://duess.ca/free-consultation/,2.8 s,5.6 s
https://www.branex.ca/ecommerce-website-design/,2.5 s,10.1 s
https://www.scorpion.co/small-business-marketing/how-we-help/website-design/,2.6 s,17.8 s
https://www.scorpion.co/healthcare-marketing/how-we-help/website-design-development/,2.7 s,27.5 s
https://purplecowagency.com/how-to-engage-with-your-target-audience/,4.4 s,7.2 s
https://purplecowagency.com/how-to-successfully-attract-millennials-to-your-content/,4.4 s,7.5 s
https://purplecowagency.com/4-types-of-content-your-business-should-try-in-2016/,4.5 s,7.1 s
https://purplecowagency.com/how-to-write-the-perfect-blog-post/,4.4 s,7.3 s
https://purplecowagency.com/barnacle-seo-more-effective-and-less-gross-than-it-sounds/,4.4 s,7.3 s
https://www.selfgrowth.com/articles/medical-website-design-tips-emedevents,4.2 s,11.3 s
https://www.globalmediainsight.com/web-design-services,2.9 s,15.5 s
https://www.scorpion.co/law-firm-marketing/how-we-help/website-design/,2.6 s,20.2 s
https://www.designbybittersweet.com/blog/squarespace-website-design-examples-lauren-f-photography,11.5 s,40.0 s
http://www.geeksworldwide.com/2018/04/why-you-cant-afford-not-to-have-a-website/,2.9 s,6.5 s
https://www.claritycommunications.com.au/our-services/digital-and-social-experiences/,1.6 s,10.7 s
https://dlinkers.com/cebu-web-design/,6.8 s,41.2 s
https://purplecowagency.com/maintaining-control-of-your-content-even-on-social-media/,4.4 s,7.4 s
https://www.prweb.com/releases/a_c_plastics_unveils_new_website_design_amid_record_sales/prweb15767453.htm,2.1 s,5.0 s
https://purplecowagency.com/cloud-computing-and-the-ever-changing-it-infrastructure/,4.4 s,7.3 s
https://purplecowagency.com/why-consumers-are-key-to-content-creation/,4.4 s,7.4 s
https://purplecowagency.com/how-often-should-you-change-your-websites-layout/,4.4 s,7.3 s
https://purplecowagency.com/4-ways-to-accumulate-your-startup-capital/,4.3 s,7.2 s
https://purplecowagency.com/a-tablet-strategy-in-7-easy-steps/,4.4 s,7.6 s
https://lp.breezyhillmarketing.com/squarespace-website-design,2.7 s,10.0 s
https://purplecowagency.com/how-to-build-your-business-online-presence/,4.6 s,7.2 s
https://purplecowagency.com/google-now-requires-https-for-sites-collecting-data/,4.3 s,7.6 s
https://purplecowagency.com/google-now-requires-https-for-sites-collecting-data/,4.3 s,7.6 s
https://cassandrabryan.com/cbd-project/callcap/,3.3 s,9.3 s
https://purplecowagency.com/new-top-level-domain-names/,4.4 s,7.2 s
https://purplecowagency.com/new-top-level-domain-names/,4.4 s,7.2 s
https://purplecowagency.com/can-hiring-a-journalist-improve-your-content-marketing-efforts/,4.4 s,7.4 s
https://purplecowagency.com/4-ways-visual-media-is-revolutionizing-the-world-of-online-marketing-2/,4.4 s,7.3 s
https://www.rocketspark.com/blog/website-clients-finding-your-first-and-how-get-more/,2.3 s,13.0 s
https://purplecowagency.com/importance-of-competitive-monitoring-for-businesses/,4.6 s,7.2 s
https://www.americanbar.org/membership/aba_advantage_discounts/marketing360/,2.2 s,13.8 s
https://www.powershow.com/view0/679d25-YzM3N/Website_Design_Marketing_and_Advertising_powerpoint_ppt_presentation,2.3 s,4.8 s
https://www.insivia.com/best-conversion-tools-for-saas-websites/,3.7 s,32.1 s
https://www.powershow.com/view0/888501-YzI3M/Website_design_company_Rohtak_powerpoint_ppt_presentation,2.6 s,8.0 s
https://www.scorpion.co/franchise-marketing/how-we-help/website-design-development/,2.7 s,24.3 s
https://www.scorpion.co/home-services-marketing/how-we-help/website-design/,2.6 s,20.7 s
https://dlinkers.com/shopify-web-design/,6.5 s,25.1 s
https://purplecowagency.com/how-managing-your-business-online-reputation-can-make-your-life-easier/,4.4 s,7.2 s
https://www.bizsmartweb.com/privacy-policy/,3.4 s,5.6 s
https://purplecowagency.com/five-tips-plus-one-on-writing-a-mission-statement/,4.2 s,7.4 s
https://purplecowagency.com/why-traditional-advertising-is-overrated/,4.6 s,7.3 s
http://www.digitbazar.com/services/web-development-services/ecommerce-development-services,2.7 s,15.0 s
https://purplecowagency.com/do-people-hate-marketing-no-maybe-sorta/,4.4 s,7.3 s
https://purplecowagency.com/how-to-make-your-content-creation-process-easier/,4.6 s,7.4 s
https://purplecowagency.com/9-reasons-blogging-essential-good-seo-results/,4.4 s,7.4 s
https://purplecowagency.com/5-things-you-need-on-your-dental-website-to-bring-in-more-traffic/,4.3 s,7.3 s
https://purplecowagency.com/a-marketer-prepares-tricks-from-acting-for-creating-buyer-personas/,4.4 s,7.3 s
https://red13digital.co.uk/website-portfolio/poppys-picnic/,4.6 s,15.4 s
https://www.powershow.com/view/2ab254-NmRiM/offshore_development_center_outsource_website_design_1_powerpoint_ppt_presentation,2.2 s,4.1 s
https://www.insivia.com/agency/,4.1 s,10.1 s
https://www.slideshare.net/mobile/MobyottaTechnologies/website-design-and-development-company-73785541,2.2 s,5.8 s
https://www.slideshare.net/mobile/mysoftit/resturent-website-design-company-in-bangladesh,2.2 s,5.2 s
https://www.calicomarketing.com/websites/commercial-real-estate-website-design-tips/,7.8 s,17.0 s
https://gsquaredstudios.com/project/precision-flooring-products-morristown-tn/,4.9 s,11.5 s
https://www.stantonstreet.com/blog/edwards-homes-website-design-and-development/,2.9 s,9.0 s
https://www.selfgrowth.com/articles/corporate-website-design-a-must-for-your-business,4.2 s,11.6 s
https://purplecowagency.com/social-media-blunders-that-makes-you-lose-customers/,4.3 s,7.4 s
https://purplecowagency.com/using-visuals-enhance-content/,4.6 s,7.4 s
https://purplecowagency.com/3-rules-of-posting-on-facebook-to-gain-maximum-attention/,4.4 s,7.3 s
https://www.charactercreates.co.uk/our-printing-facilities/,4.4 s,12.3 s
https://www.inma.org/practice-detail.cfm,3.3 s,4.1 s
https://www.streetdirectory.com/etoday/consider-your-website-design-carefully-uefwwo.html,1.3 s,8.2 s
https://www.powershow.com/view0/8af399-MmQxN/Website_Design_Company_in_Pune_Web_design_development_agency_in_Pune_DigitalSeed_India_powerpoint_ppt_presentation,4.9 s,17.1 s
https://www.powershow.com/view0/8ad53e-ZjcwN/Wordpress_Website_Design_in_India_-_Esearch_Logix_powerpoint_ppt_presentation,2.6 s,14.1 s
https://cassandrabryan.com/cbd-project/global-aviation/,3.3 s,8.8 s
https://purplecowagency.com/tricks-getting-started-google-business/,4.5 s,7.2 s
https://www.marketing360.com/design-and-branding/10-best-yoga-studio-website-design-templates-for-2017/,2.6 s,34.0 s
https://www.technewsworld.com/story/85581.html,2.8 s,11.7 s
https://www.powershow.com/view0/746543-NjAwZ/Customized_and_Affordable_Website_Design_Services_In_Dallas_powerpoint_ppt_presentation,2.3 s,4.9 s
https://purplecowagency.com/9-things-to-know-about-promoting-your-business-event/,4.4 s,7.2 s
https://purplecowagency.com/what-wikipedia-doesnt-tell-you-about-crm/,4.4 s,7.2 s
https://www.lyntonweb.com/inbound-marketing-blog/topic/website-design,2.8 s,12.0 s
https://www.streetdirectory.com/travel_guide/editorials/other/website%20design%20how/8/,1.4 s,6.6 s
https://www.streetdirectory.com/travel_guide/editorials/other/new%20website%20design/,1.4 s,6.4 s
https://purplecowagency.com/five-tips-producing-great-webinars/,4.6 s,8.2 s
https://purplecowagency.com/things-to-consider-when-creating-backlinks-in-wikipedia/,4.4 s,7.3 s
https://www.mightycitizen.com/audiences/government,2.2 s,10.5 s
https://www.motocms.com/website-templates/motocms-3-template/68257.html,1.3 s,12.5 s
http://www.salespider.com/c-41840933/affordable-website-design-services-in-boston-ma,3.6 s,7.2 s
https://www.fatbit.com/fab/tag/adventure-trip/amp/,1.0 s,3.4 s
http://blog.webcreationnepal.com/search/label/festival%20website%20design%20offer%20in%20nepal,1.6 s,2.3 s
https://www.rodamarketing.com/services/website-design-development/,3.5 s,6.6 s
https://purplecowagency.com/why-you-should-have-a-competitive-monitoring-strategy/,4.4 s,7.3 s
https://purplecowagency.com/managing-employee-social-media/,4.4 s,7.5 s
https://purplecowagency.com/work-and-art-tips-for-collaborating-with-artists/,4.4 s,7.2 s
https://mailchimp.com/about/mcsv-static,1.6 s,1.6 s
https://purplecowagency.com/4-email-campaigns-that-you-should-send-every-year/,4.0 s,8.0 s
https://purplecowagency.com/how-reviews-can-help-your-dental-business/,4.5 s,7.3 s
https://www.spiraldesign.com/work/Advertising-Copywriting-Website-Design-Print-Graphic-Design-Brochures-Social-Media-Advertising-New-York-State-Sheriffs-Institue-Albany-NY-144.htm,7.2 s,14.8 s
https://kwsmdesign.com/about-us/our-team/,4.8 s,11.1 s
https://www.designawards.asia/tc/aluxe-ec-website-designdevelopment/,3.0 s,4.6 s
http://www.blogengage.com/story.php,2.5 s,4.8 s
https://www.juantambayan.com/services/it-and-computer-service/website-design-and-development-in-barabo-surigao-del-sur-jtid218819,3.7 s,11.4 s
https://dlinkers.com/palawan-web-design/,7.0 s,41.7 s
https://www.motocms.com/website-templates/motocms-landing-template/68226.html,1.4 s,12.3 s
https://purplecowagency.com/getting-social-sharing/,4.4 s,7.4 s
https://purplecowagency.com/succession-planning-public-image/,4.4 s,7.2 s
https://lp.breezyhillmarketing.com/real-estate-website-design,2.6 s,10.1 s
https://granicus.com/government-website-design/,4.2 s,11.6 s
https://www.ihealthspot.com/CustomMedicalWebDesign/DermatologyWebsiteDesign,8.1 s,27.3 s
http://www.digitbazar.com/services/web-development-services/woocommerce-development-services,3.0 s,15.0 s
https://www.powershow.com/view0/8817bb-NDdhN/Top_and_Best_website_design_Faridabad_powerpoint_ppt_presentation,2.6 s,7.7 s
https://www.hotelnewsresource.com/article68004.html,3.0 s,6.8 s
https://purplecowagency.com/social-media-lessons-failed-dinner-parties/,4.3 s,7.1 s
https://www.prism-me.com/portfolio/nrs-international/website-design-nrs-international/,2.5 s,5.9 s
https://purplecowagency.com/how-to-build-a-successful-video-marketing-strategy/,4.3 s,7.2 s
https://purplecowagency.com/what-are-the-types-of-effective-visual-media/,4.4 s,7.4 s
https://creativepool.com/visualidentity/projects/re-branding-stationery-design-website-design-and-build-pull-up-banners-brochures-for-mcp-management-consultant-ltd,4.0 s,8.0 s
https://creativepool.com/emmanutbeem/projects/re-branding-stationery-design-website-design-and-build-pull-up-banners-brochures-for-mcp-management-consultant-ltd,4.4 s,8.5 s
https://purplecowagency.com/what-kind-of-businesses-need-linkedin-marketing/,4.4 s,7.2 s
https://edlio.com/apps/pages/Eastern-Lancaster-school-website-design,4.0 s,11.7 s
https://www.streetdirectory.com/travel_guide/editorials/other/website%20design%20uk/8/,1.4 s,6.5 s
https://purplecowagency.com/content-curation-how-to-measure-its-effectiveness/,4.3 s,7.3 s
https://purplecowagency.com/easy-email-marketing-tips-that-keep-you-thought-provoking/,4.5 s,7.1 s
https://kwsmdesign.com/services/,4.6 s,11.3 s
